brand,model_name,weight,ram,front_camera,back_camera,processor,battery,screen,price_pkr,price_inr,price_cny,price_usd,price_aed,launched_year,weight_g,ram_gb,front_mp,back_mp,battery_mah,screen_in,storage_gb,base_model
Apple,iPhone 16 128GB,174g,6GB,12MP,48MP,A17 Bionic,"3,600mAh",6.1 inches,224999.0,79999.0,5799.0,799.0,2799.0,2024,174.0,6.0,12.0,48.0,3600.0,6.1,128.0,iPhone 16
Apple,iPhone 16 256GB,174g,6GB,12MP,48MP,A17 Bionic,"3,600mAh",6.1 inches,234999.0,84999.0,6099.0,849.0,2999.0,2024,174.0,6.0,12.0,48.0,3600.0,6.1,256.0,iPhone 16
Apple,iPhone 16 512GB,174g,6GB,12MP,48MP,A17 Bionic,"3,600mAh",6.1 inches,244999.0,89999.0,6499.0,899.0,3199.0,2024,174.0,6.0,12.0,48.0,3600.0,6.1,512.0,iPhone 16
Apple,iPhone 16 Plus 128GB,203g,6GB,12MP,48MP,A17 Bionic,"4,200mAh",6.7 inches,249999.0,89999.0,6199.0,899.0,3199.0,2024,203.0,6.0,12.0,48.0,4200.0,6.7,128.0,iPhone 16 Plus
Apple,iPhone 16 Plus 256GB,203g,6GB,12MP,48MP,A17 Bionic,"4,200mAh",6.7 inches,259999.0,94999.0,6499.0,949.0,3399.0,2024,203.0,6.0,12.0,48.0,4200.0,6.7,256.0,iPhone 16 Plus
Apple,iPhone 16 Plus 512GB,203g,6GB,12MP,48MP,A17 Bionic,"4,200mAh",6.7 inches,274999.0,104999.0,6999.0,999.0,3599.0,2024,203.0,6.0,12.0,48.0,4200.0,6.7,512.0,iPhone 16 Plus
Apple,iPhone 16 Pro 128GB,206g,6GB,12MP / 4K,50MP + 12MP,A17 Pro,"4,400mAh",6.1 inches,284999.0,99999.0,6999.0,999.0,3499.0,2024,206.0,6.0,12.0,50.0,4400.0,6.1,128.0,iPhone 16 Pro
Apple,iPhone 16 Pro 256GB,206g,8GB,12MP / 4K,50MP + 12MP,A17 Pro,"4,400mAh",6.1 inches,294999.0,104999.0,7099.0,1049.0,3699.0,2024,206.0,8.0,12.0,50.0,4400.0,6.1,256.0,iPhone 16 Pro
Apple,iPhone 16 Pro 512GB,206g,8GB,12MP / 4K,50MP + 12MP,A17 Pro,"4,400mAh",6.1 inches,314999.0,114999.0,7499.0,1099.0,3899.0,2024,206.0,8.0,12.0,50.0,4400.0,6.1,512.0,iPhone 16 Pro
Apple,iPhone 16 Pro Max 128GB,221g,6GB,12MP / 4K,48MP + 12MP,A17 Pro,"4,500mAh",6.7 inches,314999.0,109999.0,7499.0,1099.0,3799.0,2024,221.0,6.0,12.0,48.0,4500.0,6.7,128.0,iPhone 16 Pro Max
Apple,iPhone 16 Pro Max 256GB,221g,8GB,12MP / 4K,48MP + 12MP,A17 Pro,"4,500mAh",6.7 inches,324999.0,114999.0,7799.0,1199.0,3999.0,2024,221.0,8.0,12.0,48.0,4500.0,6.7,256.0,iPhone 16 Pro Max
Apple,iPhone 16 Pro Max 512GB,221g,8GB,12MP / 4K,48MP + 12MP,A17 Pro,"4,500mAh",6.7 inches,344999.0,124999.0,8199.0,1299.0,4199.0,2024,221.0,8.0,12.0,48.0,4500.0,6.7,512.0,iPhone 16 Pro Max
Samsung,Galaxy S24 Ultra 128GB,234g,12GB,12MP,200MP + 12MP,Exynos 2400,5000mAh,6.8 inches,450000.0,104900.0,7499.0,1199.0,4899.0,2024,234.0,12.0,12.0,200.0,5000.0,6.8,128.0,Galaxy S24 Ultra
Samsung,Galaxy S24 Ultra 256GB,234g,12GB,12MP,200MP + 12MP,Exynos 2400,5000mAh,6.8 inches,480000.0,114900.0,7999.0,1299.0,5099.0,2024,234.0,12.0,12.0,200.0,5000.0,6.8,256.0,Galaxy S24 Ultra
Samsung,Galaxy S24+ 128GB,196g,8GB,12MP,50MP + 12MP,Exynos 2400,4800mAh,6.6 inches,400000.0,89900.0,6199.0,899.0,3599.0,2024,196.0,8.0,12.0,50.0,4800.0,6.6,128.0,Galaxy S24+
Samsung,Galaxy S24+ 256GB,196g,8GB,12MP,50MP + 12MP,Exynos 2400,4800mAh,6.6 inches,430000.0,99900.0,6999.0,999.0,3799.0,2024,196.0,8.0,12.0,50.0,4800.0,6.6,256.0,Galaxy S24+
Samsung,Galaxy S24 128GB,168g,8GB,12MP,50MP + 12MP,Exynos 2400,4000mAh,6.1 inches,350000.0,79900.0,5799.0,799.0,3299.0,2024,168.0,8.0,12.0,50.0,4000.0,6.1,128.0,Galaxy S24
Samsung,Galaxy S24 256GB,168g,8GB,12MP,50MP + 12MP,Exynos 2400,4000mAh,6.1 inches,380000.0,89900.0,6199.0,899.0,3499.0,2024,168.0,8.0,12.0,50.0,4000.0,6.1,256.0,Galaxy S24
Samsung,Galaxy Tab Active 5 128GB,433g,6GB,5MP,13MP,Exynos 1380,5050mAh,8 inches,150000.0,54999.0,3699.0,549.0,2199.0,2024,433.0,6.0,5.0,13.0,5050.0,8.0,128.0,Galaxy Tab Active 5
OnePlus,OnePlus 12 256GB,205g,12GB,32MP,50MP + 48MP,Snapdragon 8 Gen 3,5000mAh,6.7 inches,219999.0,74999.0,5999.0,799.0,3199.0,2024,205.0,12.0,32.0,50.0,5000.0,6.7,256.0,OnePlus 12
OnePlus,OnePlus 12R 256GB,203g,12GB,16MP,50MP + 8MP,Snapdragon 8 Gen 2,4500mAh,6.7 inches,169999.0,49999.0,4299.0,699.0,2599.0,2024,203.0,12.0,16.0,50.0,4500.0,6.7,256.0,OnePlus 12R
OnePlus,OnePlus Open 256GB,238g,16GB,32MP,48MP + 48MP,Snapdragon 8 Gen 2,4800mAh,7.8 inches,299999.0,74999.0,6999.0,1099.0,4299.0,2024,238.0,16.0,32.0,48.0,4800.0,7.8,256.0,OnePlus Open
OnePlus,OnePlus Pad 2,550g,8GB,8MP,13MP,MediaTek Dimensity 9000,9510mAh,11.61 inches,104999.0,44999.0,4499.0,549.0,1999.0,2024,550.0,8.0,8.0,13.0,9510.0,11.61,,OnePlus Pad 2
OnePlus,OnePlus Pad Pro,610g,12GB,16MP,50MP,Snapdragon 8 Gen 3,11000mAh,12.4 inches,169999.0,69999.0,5999.0,799.0,2599.0,2024,610.0,12.0,16.0,50.0,11000.0,12.4,,OnePlus Pad Pro
Vivo,X200 128GB,223g,12GB,32MP,50MP,Dimensity 9400,6000mAh,6.78 inches,199999.0,119999.0,6999.0,999.0,3699.0,2024,223.0,12.0,32.0,50.0,6000.0,6.78,128.0,X200
Vivo,X200 256GB,223g,12GB,32MP,50MP,Dimensity 9400,6000mAh,6.78 inches,219999.0,129999.0,7499.0,1099.0,3999.0,2024,223.0,12.0,32.0,50.0,6000.0,6.78,256.0,X200
Vivo,X200 Pro 256GB,223g,16GB,32MP,200MP,Dimensity 9400,6000mAh,6.78 inches,229999.0,139999.0,7999.0,1199.0,4399.0,2024,223.0,16.0,32.0,200.0,6000.0,6.78,256.0,X200 Pro
Vivo,X200 Pro 512GB,223g,16GB,32MP,200MP,Dimensity 9400,6000mAh,6.78 inches,249999.0,149999.0,8499.0,1299.0,4699.0,2024,223.0,16.0,32.0,200.0,6000.0,6.78,512.0,X200 Pro
Vivo,X200 Pro Mini 256GB,187g,16GB,32MP,50MP,Dimensity 9400,5700mAh,6.31 inches,189999.0,109999.0,6499.0,949.0,3499.0,2024,187.0,16.0,32.0,50.0,5700.0,6.31,256.0,X200 Pro Mini
Vivo,V40e 128GB,179g,8GB,44MP,64MP,Snapdragon 778G,4100mAh,6.44 inches,79999.0,44999.0,2999.0,449.0,1649.0,2024,179.0,8.0,44.0,64.0,4100.0,6.44,128.0,V40e
Vivo,Y200 GT 128GB,190g,12GB,16MP,64MP,Dimensity 1200,5000mAh,6.58 inches,69999.0,39999.0,2499.0,399.0,1499.0,2024,190.0,12.0,16.0,64.0,5000.0,6.58,128.0,Y200 GT
Vivo,T3 5G 128GB,180g,8GB,16MP,50MP,Snapdragon 870,5000mAh,6.67 inches,59999.0,34999.0,2299.0,349.0,1299.0,2024,180.0,8.0,16.0,50.0,5000.0,6.67,128.0,T3 5G
Vivo,Y100 5G 128GB,181g,8GB,16MP,64MP,Dimensity 900,4500mAh,6.38 inches,54999.0,29999.0,1999.0,299.0,1099.0,2024,181.0,8.0,16.0,64.0,4500.0,6.38,128.0,Y100 5G
Vivo,S18 Pro 256GB,189g,12GB,32MP,108MP,Snapdragon 8 Gen 2,4700mAh,6.56 inches,99999.0,59999.0,3999.0,599.0,2199.0,2024,189.0,12.0,32.0,108.0,4700.0,6.56,256.0,S18 Pro
Vivo,V30 Pro 128GB,192g,12GB,32MP,64MP,Dimensity 1100,4500mAh,6.44 inches,89999.0,49999.0,3499.0,549.0,1999.0,2024,192.0,12.0,32.0,64.0,4500.0,6.44,128.0,V30 Pro
Vivo,iQOO 12 256GB,210g,16GB,16MP,50MP,Snapdragon 8 Gen 3,5000mAh,6.78 inches,109999.0,64999.0,4499.0,699.0,2599.0,2024,210.0,16.0,16.0,50.0,5000.0,6.78,256.0,iQOO 12
Vivo,Pad 4 Pro 256GB,560g,8GB,8MP,50MP,MediaTek Dimensity 9000,8040mAh,12.9 inches,94999.0,49999.0,4299.0,499.0,1799.0,2024,560.0,8.0,8.0,50.0,8040.0,12.9,256.0,Pad 4 Pro
iQOO,Pad 2 256GB,540g,8GB,8MP,50MP,Snapdragon 888,8040mAh,12.3 inches,79999.0,43999.0,3499.0,399.0,1499.0,2024,540.0,8.0,8.0,50.0,8040.0,12.3,256.0,Pad 2
iQOO,Pad 2 Pro 256GB,555g,8GB,8MP,50MP,Snapdragon 8 Gen 1,8040mAh,12.3 inches,89999.0,49999.0,3899.0,449.0,1699.0,2024,555.0,8.0,8.0,50.0,8040.0,12.3,256.0,Pad 2 Pro
Oppo,Find X8 Pro 256GB,210g,12GB,32MP,50MP + 50MP + 50MP,Snapdragon 8 Gen 2,5000mAh,6.8 inches,249999.0,139999.0,8999.0,1299.0,4799.0,2024,210.0,12.0,32.0,50.0,5000.0,6.8,256.0,Find X8 Pro
Oppo,Find X8 256GB,195g,8GB,32MP,50MP + 50MP,Snapdragon 8 Gen 2,4800mAh,6.7 inches,199999.0,119999.0,7499.0,1099.0,4099.0,2024,195.0,8.0,32.0,50.0,4800.0,6.7,256.0,Find X8
Oppo,Reno13 F 4G 256GB,192g,8GB,32MP,50MP + 8MP + 2MP,MediaTek Helio G100,5800mAh,6.67 inches,79999.0,44999.0,3499.0,499.0,1899.0,2025,192.0,8.0,32.0,50.0,5800.0,6.67,256.0,Reno13 F 4G
Oppo,Reno13 F 256GB,192g,8GB,32MP,50MP + 8MP + 2MP,MediaTek Helio G100,5800mAh,6.67 inches,79999.0,44999.0,3499.0,499.0,1899.0,2025,192.0,8.0,32.0,50.0,5800.0,6.67,256.0,Reno13 F
Oppo,Reno13 Pro 512GB,210g,12GB,50MP,50MP + 50MP + 8MP,MediaTek Dimensity 8350,5800mAh,6.83 inches,129999.0,69999.0,5999.0,799.0,2999.0,2025,210.0,12.0,50.0,50.0,5800.0,6.83,512.0,Reno13 Pro
Oppo,Reno13 256GB,200g,12GB,50MP,50MP + 8MP,MediaTek Dimensity 8350,5600mAh,6.59 inches,99999.0,54999.0,4999.0,699.0,2599.0,2025,200.0,12.0,50.0,50.0,5600.0,6.59,256.0,Reno13
Oppo,Reno12 F 4G 256GB,187g,8GB,32MP,50MP + 8MP + 2MP,Snapdragon 685,5000mAh,6.7 inches,69999.0,39999.0,3199.0,449.0,1699.0,2024,187.0,8.0,32.0,50.0,5000.0,6.7,256.0,Reno12 F 4G
Oppo,Reno12 F 256GB,187g,8GB,32MP,50MP + 8MP + 2MP,Snapdragon 685,5000mAh,6.7 inches,69999.0,39999.0,3199.0,449.0,1699.0,2024,187.0,8.0,32.0,50.0,5000.0,6.7,256.0,Reno12 F
Oppo,Reno12 Pro 512GB,190g,12GB,32MP,50MP + 32MP + 8MP,MediaTek Dimensity 8200,4600mAh,6.74 inches,119999.0,64999.0,5499.0,749.0,2799.0,2024,190.0,12.0,32.0,50.0,4600.0,6.74,512.0,Reno12 Pro
Oppo,Reno12 256GB,185g,8GB,32MP,50MP + 8MP,MediaTek Dimensity 7050,5000mAh,6.7 inches,89999.0,49999.0,3999.0,599.0,2199.0,2024,185.0,8.0,32.0,50.0,5000.0,6.7,256.0,Reno12
Oppo,Reno11 F 256GB,185g,8GB,32MP,64MP + 8MP + 2MP,MediaTek Dimensity 7050,5000mAh,6.7 inches,79999.0,44999.0,3499.0,499.0,1899.0,2024,185.0,8.0,32.0,64.0,5000.0,6.7,256.0,Reno11 F
Oppo,Reno11 Pro 512GB,190g,12GB,32MP,50MP + 32MP + 8MP,MediaTek Dimensity 8200,4600mAh,6.74 inches,109999.0,59999.0,4999.0,699.0,2599.0,2024,190.0,12.0,32.0,50.0,4600.0,6.74,512.0,Reno11 Pro
Oppo,A5 Pro 256GB,180g,8GB,16MP,50MP + 2MP,Dimensity 7300,6000mAh,6.7 inches,89999.0,49999.0,3999.0,599.0,2199.0,2024,180.0,8.0,16.0,50.0,6000.0,6.7,256.0,A5 Pro
Oppo,A5 Pro 512GB,186g,12GB,16MP,50MP + 2MP,Dimensity 7300,6000mAh,6.7 inches,99999.0,54999.0,4499.0,699.0,2499.0,2024,186.0,12.0,16.0,50.0,6000.0,6.7,512.0,A5 Pro
Oppo,A80 256GB,186g,8GB,8MP,50MP + 2MP,Dimensity 6300,5100mAh,6.67 inches,79999.0,44999.0,3499.0,499.0,1899.0,2024,186.0,8.0,8.0,50.0,5100.0,6.67,256.0,A80
Oppo,A3 4G 128GB,186g,4GB,5MP,50MP,Snapdragon 6s 4G Gen 1,5000mAh,6.7 inches,59999.0,34999.0,2999.0,399.0,1499.0,2024,186.0,4.0,5.0,50.0,5000.0,6.7,128.0,A3 4G
Oppo,A3x 4G 128GB,186g,4GB,8MP,8MP + 2MP,Snapdragon 6s 4G Gen 1,5100mAh,6.67 inches,64999.0,36999.0,3199.0,449.0,1699.0,2024,186.0,4.0,8.0,8.0,5100.0,6.67,128.0,A3x 4G
Oppo,A3x 4G 256GB,186g,6GB,8MP,8MP + 2MP,Snapdragon 6s 4G Gen 1,5100mAh,6.67 inches,69999.0,39999.0,3499.0,499.0,1899.0,2024,186.0,6.0,8.0,8.0,5100.0,6.67,256.0,A3x 4G
Oppo,A3 128GB,186g,4GB,5MP,50MP,Snapdragon 6s 4G Gen 1,5000mAh,6.7 inches,59999.0,34999.0,2999.0,399.0,1499.0,2024,186.0,4.0,5.0,50.0,5000.0,6.7,128.0,A3
Oppo,A3x 128GB,186g,4GB,8MP,8MP + 2MP,Snapdragon 6s 4G Gen 1,5100mAh,6.67 inches,64999.0,36999.0,3199.0,449.0,1699.0,2024,186.0,4.0,8.0,8.0,5100.0,6.67,128.0,A3x
Oppo,A3x 256GB,186g,6GB,8MP,8MP + 2MP,Snapdragon 6s 4G Gen 1,5100mAh,6.67 inches,69999.0,39999.0,3499.0,499.0,1899.0,2024,186.0,6.0,8.0,8.0,5100.0,6.67,256.0,A3x
Oppo,A60 128GB,186g,8GB,8MP,50MP + 2MP,Snapdragon 680 4G,5000mAh,6.67 inches,69999.0,39999.0,3199.0,449.0,1699.0,2024,186.0,8.0,8.0,50.0,5000.0,6.67,128.0,A60
Oppo,A60 256GB,186g,8GB,8MP,50MP + 2MP,Snapdragon 680 4G,5000mAh,6.67 inches,74999.0,42999.0,3499.0,499.0,1899.0,2024,186.0,8.0,8.0,50.0,5000.0,6.67,256.0,A60
Oppo,K12 Plus 256GB,192g,8GB,16MP,50MP,Snapdragon 7 Gen 3,6400mAh,6.7 inches,109999.0,59999.0,4999.0,699.0,2599.0,2024,192.0,8.0,16.0,50.0,6400.0,6.7,256.0,K12 Plus
Oppo,K12 Plus 512GB,192g,12GB,16MP,50MP,Snapdragon 7 Gen 3,6400mAh,6.7 inches,119999.0,64999.0,5499.0,799.0,2999.0,2024,192.0,12.0,16.0,50.0,6400.0,6.7,512.0,K12 Plus
Oppo,F27 128GB,175g,8GB,32MP,64MP + 2MP,Dimensity 7050,5000mAh,6.7 inches,79999.0,44999.0,3499.0,499.0,1899.0,2024,175.0,8.0,32.0,64.0,5000.0,6.7,128.0,F27
Oppo,F27 256GB,175g,8GB,32MP,64MP + 2MP,Dimensity 7050,5000mAh,6.7 inches,84999.0,47999.0,3799.0,549.0,2099.0,2024,175.0,8.0,32.0,64.0,5000.0,6.7,256.0,F27
Oppo,F27 Pro+ 256GB,177g,8GB,32MP,64MP + 2MP,Dimensity 7050,5000mAh,6.7 inches,89999.0,49999.0,3999.0,599.0,2199.0,2024,177.0,8.0,32.0,64.0,5000.0,6.7,256.0,F27 Pro+
Oppo,F27 Pro+ 512GB,177g,12GB,32MP,64MP + 2MP,Dimensity 7050,5000mAh,6.7 inches,99999.0,54999.0,4499.0,699.0,2499.0,2024,177.0,12.0,32.0,64.0,5000.0,6.7,512.0,F27 Pro+
Oppo,Pad 3 128GB,533g,8GB,8MP,13MP,Dimensity 8350,9510mAh,11.6 inches,99999.0,54999.0,4499.0,699.0,2499.0,2024,533.0,8.0,8.0,13.0,9510.0,11.6,128.0,Pad 3
Oppo,Pad 3 256GB,533g,12GB,8MP,13MP,Dimensity 8350,9510mAh,11.6 inches,109999.0,59999.0,4999.0,799.0,2799.0,2024,533.0,12.0,8.0,13.0,9510.0,11.6,256.0,Pad 3
Oppo,Pad 3 Pro 256GB,586g,12GB,8MP,13MP,Snapdragon 8 Gen 3,9510mAh,12.1 inches,119999.0,64999.0,5499.0,899.0,3299.0,2024,586.0,12.0,8.0,13.0,9510.0,12.1,256.0,Pad 3 Pro
Oppo,Pad 3 Pro 512GB,586g,16GB,8MP,13MP,Snapdragon 8 Gen 3,9510mAh,12.1 inches,129999.0,69999.0,5999.0,999.0,3699.0,2024,586.0,16.0,8.0,13.0,9510.0,12.1,512.0,Pad 3 Pro
Oppo,Find X7 Ultra 256GB,221g,12GB,32MP,50MP + 50MP + 50MP,Snapdragon 8 Gen 3,5000mAh,6.82 inches,199999.0,109999.0,7999.0,1199.0,4399.0,2024,221.0,12.0,32.0,50.0,5000.0,6.82,256.0,Find X7 Ultra
Oppo,Find X7 Ultra 512GB,221g,16GB,32MP,50MP + 50MP + 50MP,Snapdragon 8 Gen 3,5000mAh,6.82 inches,219999.0,119999.0,8999.0,1299.0,4799.0,2024,221.0,16.0,32.0,50.0,5000.0,6.82,512.0,Find X7 Ultra
Oppo,Find X7 256GB,206g,12GB,32MP,50MP + 50MP + 64MP,Dimensity 9300,5000mAh,6.78 inches,179999.0,99999.0,6999.0,1099.0,3999.0,2024,206.0,12.0,32.0,50.0,5000.0,6.78,256.0,Find X7
Oppo,Find X7 512GB,206g,16GB,32MP,50MP + 50MP + 64MP,Dimensity 9300,5000mAh,6.78 inches,199999.0,109999.0,7999.0,1199.0,4399.0,2024,206.0,16.0,32.0,50.0,5000.0,6.78,512.0,Find X7
Oppo,A40 128GB,186g,4GB,5MP,50MP,Qualcomm Snapdragon 6s Gen 1,"5,100mAh",6.67 inches,39999.0,19999.0,1499.0,199.0,1000.0,2024,186.0,4.0,5.0,50.0,5100.0,6.67,128.0,A40
Oppo,A40 256GB,186g,6GB,5MP,50MP,Qualcomm Snapdragon 6s Gen 1,"5,100mAh",6.67 inches,44999.0,22999.0,1799.0,229.0,1200.0,2024,186.0,6.0,5.0,50.0,5100.0,6.67,256.0,A40
Realme,GT 7 Pro 128GB,222.8g,12GB,16MP,50MP + 50MP + 8MP,Qualcomm Snapdragon 8 Elite,"6,500mAh",6.78 inches,139999.0,59999.0,3400.0,470.0,1725.0,2024,222.8,12.0,16.0,50.0,6500.0,6.78,128.0,GT 7 Pro
Realme,GT 7 Pro 256GB,222.8g,16GB,16MP,50MP + 50MP + 8MP,Qualcomm Snapdragon 8 Elite,"6,500mAh",6.78 inches,149999.0,65999.0,3600.0,500.0,1840.0,2024,222.8,16.0,16.0,50.0,6500.0,6.78,256.0,GT 7 Pro
Realme,14 Pro+ 5G 256GB,184g,12GB,16MP,50MP + 8MP + 50MP,Qualcomm Snapdragon 7s Gen 3,"6,000mAh",6.83 inches,94999.0,34999.0,2600.0,340.0,1250.0,2025,184.0,12.0,16.0,50.0,6000.0,6.83,256.0,14 Pro+ 5G
Realme,14 Pro+ 5G 512GB,184g,12GB,16MP,50MP + 8MP + 50MP,Qualcomm Snapdragon 7s Gen 3,"6,000mAh",6.83 inches,99999.0,36999.0,2800.0,360.0,1320.0,2025,184.0,12.0,16.0,50.0,6000.0,6.83,512.0,14 Pro+ 5G
Realme,14 Pro 5G 128GB,184g,8GB,16MP,50MP + 8MP,MediaTek Dimensity 7300 Energy,"5,800mAh",6.7 inches,79999.0,29999.0,2400.0,320.0,1150.0,2025,184.0,8.0,16.0,50.0,5800.0,6.7,128.0,14 Pro 5G
Realme,14 Pro 5G 256GB,184g,8GB,16MP,50MP + 8MP,MediaTek Dimensity 7300 Energy,"5,800mAh",6.7 inches,84999.0,31999.0,2500.0,340.0,1210.0,2025,184.0,8.0,16.0,50.0,5800.0,6.7,256.0,14 Pro 5G
Realme,14x 5G 128GB,190g,6GB,16MP,48MP + 2MP + 2MP,Qualcomm Snapdragon 7s Gen 2,"5,500mAh",6.6 inches,64999.0,24999.0,2000.0,270.0,970.0,2025,190.0,6.0,16.0,48.0,5500.0,6.6,128.0,14x 5G
Realme,14x 5G 256GB,190g,8GB,16MP,48MP + 2MP + 2MP,Qualcomm Snapdragon 7s Gen 2,"5,500mAh",6.6 inches,69999.0,26999.0,2100.0,290.0,1030.0,2025,190.0,8.0,16.0,48.0,5500.0,6.6,256.0,14x 5G
Realme,13+ 5G 128GB,185g,8GB,16MP,50MP + 2MP,MediaTek Dimensity 7200,"5,000mAh",6.5 inches,59999.0,22999.0,1800.0,250.0,900.0,2024,185.0,8.0,16.0,50.0,5000.0,6.5,128.0,13+ 5G
Realme,13+ 5G 256GB,185g,8GB,16MP,50MP + 2MP,MediaTek Dimensity 7200,"5,000mAh",6.5 inches,64999.0,24999.0,1900.0,270.0,970.0,2024,185.0,8.0,16.0,50.0,5000.0,6.5,256.0,13+ 5G
Realme,13 5G 128GB,190g,6GB,16MP,50MP + 2MP,MediaTek Dimensity 6100+,"5,000mAh",6.6 inches,49999.0,18999.0,1500.0,220.0,800.0,2024,190.0,6.0,16.0,50.0,5000.0,6.6,128.0,13 5G
Realme,13 5G 256GB,190g,8GB,16MP,50MP + 2MP,MediaTek Dimensity 6100+,"5,000mAh",6.6 inches,54999.0,20999.0,1600.0,240.0,860.0,2024,190.0,8.0,16.0,50.0,5000.0,6.6,256.0,13 5G
Realme,13 Pro 5G 128GB,192g,8GB,16MP,50MP + 8MP + 2MP,Qualcomm Snapdragon 7s Gen 2,"5,200mAh",6.7 inches,74999.0,27999.0,2200.0,300.0,1070.0,2024,192.0,8.0,16.0,50.0,5200.0,6.7,128.0,13 Pro 5G
Realme,13 Pro 5G 256GB,192g,12GB,16MP,50MP + 8MP + 2MP,Qualcomm Snapdragon 7s Gen 2,"5,200mAh",6.7 inches,79999.0,29999.0,2400.0,320.0,1140.0,2024,192.0,12.0,16.0,50.0,5200.0,6.7,256.0,13 Pro 5G
Realme,13 Pro+ 5G 256GB,195g,12GB,32MP,50MP + 8MP + 50MP,Qualcomm Snapdragon 7+ Gen 2,"5,500mAh",6.78 inches,94999.0,34999.0,2800.0,360.0,1320.0,2024,195.0,12.0,32.0,50.0,5500.0,6.78,256.0,13 Pro+ 5G
Realme,13 Pro+ 5G 512GB,195g,16GB,32MP,50MP + 8MP + 50MP,Qualcomm Snapdragon 7+ Gen 2,"5,500mAh",6.78 inches,99999.0,36999.0,3000.0,380.0,1390.0,2024,195.0,16.0,32.0,50.0,5500.0,6.78,512.0,13 Pro+ 5G
Realme,P1 Speed 5G 128GB,185g,8GB,16MP,64MP + 2MP,MediaTek Dimensity 8100,"5,100mAh",6.7 inches,54999.0,19999.0,1800.0,250.0,900.0,2024,185.0,8.0,16.0,64.0,5100.0,6.7,128.0,P1 Speed 5G
Realme,P1 Speed 5G 256GB,185g,12GB,16MP,64MP + 2MP,MediaTek Dimensity 8100,"5,100mAh",6.7 inches,59999.0,21999.0,1900.0,270.0,960.0,2024,185.0,12.0,16.0,64.0,5100.0,6.7,256.0,P1 Speed 5G
Realme,P2 Pro 5G 256GB,188g,12GB,32MP,50MP + 8MP + 50MP,Qualcomm Snapdragon 7+ Gen 3,"5,500mAh",6.78 inches,89999.0,32999.0,2500.0,340.0,1210.0,2024,188.0,12.0,32.0,50.0,5500.0,6.78,256.0,P2 Pro 5G
Realme,P2 Pro 5G 512GB,188g,16GB,32MP,50MP + 8MP + 50MP,Qualcomm Snapdragon 7+ Gen 3,"5,500mAh",6.78 inches,94999.0,34999.0,2700.0,360.0,1280.0,2024,188.0,16.0,32.0,50.0,5500.0,6.78,512.0,P2 Pro 5G
Realme,P1 5G 128GB,184g,6GB,16MP,50MP + 2MP,MediaTek Dimensity 6100+,"5,000mAh",6.6 inches,44999.0,16999.0,1400.0,200.0,720.0,2024,184.0,6.0,16.0,50.0,5000.0,6.6,128.0,P1 5G
Realme,P1 5G 256GB,184g,8GB,16MP,50MP + 2MP,MediaTek Dimensity 6100+,"5,000mAh",6.6 inches,49999.0,18999.0,1500.0,220.0,780.0,2024,184.0,8.0,16.0,50.0,5000.0,6.6,256.0,P1 5G
Realme,P1 Pro 5G 128GB,190g,8GB,16MP,64MP + 2MP,Qualcomm Snapdragon 7s Gen 1,"5,200mAh",6.7 inches,59999.0,22999.0,1900.0,270.0,960.0,2024,190.0,8.0,16.0,64.0,5200.0,6.7,128.0,P1 Pro 5G
Realme,P1 Pro 5G 256GB,190g,12GB,16MP,64MP + 2MP,Qualcomm Snapdragon 7s Gen 1,"5,200mAh",6.7 inches,64999.0,24999.0,2000.0,290.0,1020.0,2024,190.0,12.0,16.0,64.0,5200.0,6.7,256.0,P1 Pro 5G
Realme,Narzo 70 Turbo 5G 128GB,200g,8GB,16MP,50MP + 2MP,MediaTek Dimensity 810,"5,000mAh",6.6 inches,54999.0,19999.0,1700.0,240.0,860.0,2024,200.0,8.0,16.0,50.0,5000.0,6.6,128.0,Narzo 70 Turbo 5G
Realme,Narzo 70 Turbo 5G 256GB,200g,8GB,16MP,50MP + 2MP,MediaTek Dimensity 810,"5,000mAh",6.6 inches,59999.0,21999.0,1800.0,260.0,920.0,2024,200.0,8.0,16.0,50.0,5000.0,6.6,256.0,Narzo 70 Turbo 5G
Realme,Narzo N61 128GB,195g,6GB,16MP,50MP + 2MP,MediaTek Helio G99,"5,000mAh",6.5 inches,39999.0,14999.0,1200.0,180.0,660.0,2024,195.0,6.0,16.0,50.0,5000.0,6.5,128.0,Narzo N61
Realme,Narzo N63 128GB,193g,6GB,16MP,50MP + 2MP,MediaTek Helio G88,"5,000mAh",6.5 inches,37999.0,13999.0,1100.0,160.0,600.0,2024,193.0,6.0,16.0,50.0,5000.0,6.5,128.0,Narzo N63
Realme,Narzo N65 5G 128GB,198g,8GB,16MP,50MP + 2MP,MediaTek Dimensity 700,"5,000mAh",6.6 inches,47999.0,17999.0,1500.0,210.0,780.0,2024,198.0,8.0,16.0,50.0,5000.0,6.6,128.0,Narzo N65 5G
Realme,Narzo 70 5G 128GB,198g,8GB,16MP,50MP + 2MP,MediaTek Dimensity 810,"5,200mAh",6.6 inches,52999.0,19499.0,1600.0,230.0,830.0,2024,198.0,8.0,16.0,50.0,5200.0,6.6,128.0,Narzo 70 5G
Realme,C75 128GB,190g,6GB,8MP,50MP + 2MP,MediaTek Helio G85,"5,000mAh",6.6 inches,37999.0,13999.0,1100.0,160.0,600.0,2024,190.0,6.0,8.0,50.0,5000.0,6.6,128.0,C75
Realme,C75 256GB,190g,8GB,8MP,50MP + 2MP,MediaTek Helio G85,"5,000mAh",6.6 inches,42999.0,15999.0,1200.0,180.0,660.0,2024,190.0,8.0,8.0,50.0,5000.0,6.6,256.0,C75
Realme,C61 128GB,189g,4GB,8MP,50MP + 2MP,Unisoc T612,"5,000mAh",6.5 inches,32999.0,11999.0,900.0,130.0,500.0,2024,189.0,4.0,8.0,50.0,5000.0,6.5,128.0,C61
Realme,C67 128GB,195g,6GB,8MP,50MP + 2MP,MediaTek Helio G88,"5,000mAh",6.6 inches,39999.0,14999.0,1200.0,170.0,620.0,2024,195.0,6.0,8.0,50.0,5000.0,6.6,128.0,C67
Realme,C67 256GB,195g,8GB,8MP,50MP + 2MP,MediaTek Helio G88,"5,000mAh",6.6 inches,44999.0,16999.0,1300.0,190.0,680.0,2024,195.0,8.0,8.0,50.0,5000.0,6.6,256.0,C67
Realme,C65 128GB,192g,6GB,8MP,50MP + 2MP,Qualcomm Snapdragon 680,"5,000mAh",6.6 inches,37999.0,13999.0,1100.0,160.0,600.0,2024,192.0,6.0,8.0,50.0,5000.0,6.6,128.0,C65
Realme,C65 256GB,192g,8GB,8MP,50MP + 2MP,Qualcomm Snapdragon 680,"5,000mAh",6.6 inches,42999.0,15999.0,1200.0,180.0,660.0,2024,192.0,8.0,8.0,50.0,5000.0,6.6,256.0,C65
Realme,C63 128GB,191g,6GB,8MP,50MP + 2MP,MediaTek Helio G85,"5,000mAh",6.6 inches,36999.0,13499.0,1050.0,150.0,580.0,2024,191.0,6.0,8.0,50.0,5000.0,6.6,128.0,C63
Realme,Note 60x 128GB,198g,6GB,16MP,50MP + 2MP,MediaTek Dimensity 6100+,"5,200mAh",6.6 inches,47999.0,17999.0,1500.0,210.0,780.0,2024,198.0,6.0,16.0,50.0,5200.0,6.6,128.0,Note 60x
Realme,Note 60 128GB,196g,6GB,16MP,50MP + 2MP,MediaTek Dimensity 810,"5,200mAh",6.6 inches,49999.0,18999.0,1600.0,220.0,820.0,2024,196.0,6.0,16.0,50.0,5200.0,6.6,128.0,Note 60
Realme,Note 60 256GB,196g,8GB,16MP,50MP + 2MP,MediaTek Dimensity 810,"5,200mAh",6.6 inches,54999.0,20999.0,1700.0,240.0,880.0,2024,196.0,8.0,16.0,50.0,5200.0,6.6,256.0,Note 60
Realme,Note 50 128GB,195g,6GB,16MP,50MP + 2MP,MediaTek Helio G99,"5,000mAh",6.5 inches,42999.0,15999.0,1200.0,170.0,620.0,2024,195.0,6.0,16.0,50.0,5000.0,6.5,128.0,Note 50
Realme,GT 7 128GB,199g,8GB,16MP,50MP + 8MP + 2MP,Qualcomm Snapdragon 8 Gen 2,"5,200mAh",6.8 inches,124999.0,47999.0,3200.0,440.0,1620.0,2024,199.0,8.0,16.0,50.0,5200.0,6.8,128.0,GT 7
Realme,GT 7 256GB,199g,12GB,16MP,50MP + 8MP + 2MP,Qualcomm Snapdragon 8 Gen 2,"5,200mAh",6.8 inches,139999.0,53999.0,3600.0,500.0,1800.0,2024,199.0,12.0,16.0,50.0,5200.0,6.8,256.0,GT 7
Realme,Neo 7 128GB,193g,8GB,16MP,64MP + 8MP + 2MP,MediaTek Dimensity 8200,"5,000mAh",6.7 inches,79999.0,30999.0,2400.0,330.0,1200.0,2024,193.0,8.0,16.0,64.0,5000.0,6.7,128.0,Neo 7
Realme,Neo 7 256GB,193g,12GB,16MP,64MP + 8MP + 2MP,MediaTek Dimensity 8200,"5,000mAh",6.7 inches,94999.0,36999.0,2800.0,380.0,1400.0,2024,193.0,12.0,16.0,64.0,5000.0,6.7,256.0,Neo 7
Realme,P2 Pro 5G 128GB,195g,8GB,16MP,50MP + 8MP,MediaTek Dimensity 9200,"5,100mAh",6.7 inches,84999.0,32999.0,2500.0,350.0,1250.0,2024,195.0,8.0,16.0,50.0,5100.0,6.7,128.0,P2 Pro 5G
Realme,P2 Pro 5G 256GB,195g,12GB,16MP,50MP + 8MP,MediaTek Dimensity 9200,"5,100mAh",6.7 inches,99999.0,38999.0,2900.0,400.0,1400.0,2024,195.0,12.0,16.0,50.0,5100.0,6.7,256.0,P2 Pro 5G
Realme,TechLife Pad Neo 64GB,465g,4GB,8MP,8MP,MediaTek Helio G85,"7,200mAh",10.5 inches,59999.0,20999.0,1400.0,210.0,770.0,2024,465.0,4.0,8.0,8.0,7200.0,10.5,64.0,TechLife Pad Neo
Realme,TechLife Pad Neo 128GB,465g,6GB,8MP,8MP,MediaTek Helio G85,"7,200mAh",10.5 inches,64999.0,22999.0,1600.0,230.0,850.0,2024,465.0,6.0,8.0,8.0,7200.0,10.5,128.0,TechLife Pad Neo
Xiaomi,Xiaomi 15 Pro 256GB,210g,12GB,32MP,50MP (Main) + 50MP (Ultra-wide) + 50MP (Telephoto),Snapdragon 8 Elite,"6,100mAh",6.73 inches,199999.0,89999.0,5299.0,799.0,3299.0,2024,210.0,12.0,32.0,50.0,6100.0,6.73,256.0,Xiaomi 15 Pro
Xiaomi,Xiaomi 15 Pro 512GB,210g,16GB,32MP,50MP (Main) + 50MP (Ultra-wide) + 50MP (Telephoto),Snapdragon 8 Elite,"6,100mAh",6.73 inches,219999.0,99999.0,5799.0,899.0,3699.0,2024,210.0,16.0,32.0,50.0,6100.0,6.73,512.0,Xiaomi 15 Pro
Xiaomi,Xiaomi 15 Pro 1TB,210g,16GB,32MP,50MP (Main) + 50MP (Ultra-wide) + 50MP (Telephoto),Snapdragon 8 Elite,"6,100mAh",6.73 inches,239999.0,109999.0,6499.0,999.0,4099.0,2024,210.0,16.0,32.0,50.0,6100.0,6.73,1024.0,Xiaomi 15 Pro
Xiaomi,Xiaomi 15 256GB,190g,12GB,32MP,50MP (Main) + 50MP (Ultra-wide),Snapdragon 8 Elite,"5,400mAh",6.36 inches,179999.0,79999.0,4299.0,699.0,2899.0,2024,190.0,12.0,32.0,50.0,5400.0,6.36,256.0,Xiaomi 15
Xiaomi,Xiaomi 15 512GB,190g,16GB,32MP,50MP (Main) + 50MP (Ultra-wide),Snapdragon 8 Elite,"5,400mAh",6.36 inches,199999.0,89999.0,4799.0,799.0,3299.0,2024,190.0,16.0,32.0,50.0,5400.0,6.36,512.0,Xiaomi 15
Xiaomi,Xiaomi 14T Pro 256GB,209g,12GB,32MP,50MP (Main) + 50MP (Ultra-wide) + 50MP (Telephoto),Dimensity 9300+,"5,000mAh",6.67 inches,169999.0,74999.0,3999.0,634.99,2699.0,2024,209.0,12.0,32.0,50.0,5000.0,6.67,256.0,Xiaomi 14T Pro
Xiaomi,Xiaomi 14T Pro 512GB,209g,12GB,32MP,50MP (Main) + 50MP (Ultra-wide) + 50MP (Telephoto),Dimensity 9300+,"5,000mAh",6.67 inches,189999.0,84999.0,4299.0,790.77,2999.0,2024,209.0,12.0,32.0,50.0,5000.0,6.67,512.0,Xiaomi 14T Pro
Xiaomi,Xiaomi 14T Pro 1TB,209g,12GB,32MP,50MP (Main) + 50MP (Ultra-wide) + 50MP (Telephoto),Dimensity 9300+,"5,000mAh",6.67 inches,209999.0,94999.0,4799.0,899.0,3299.0,2024,209.0,12.0,32.0,50.0,5000.0,6.67,1024.0,Xiaomi 14T Pro
Xiaomi,Xiaomi 14T 256GB,195g,12GB,32MP,50MP (Main) + 50MP (Ultra-wide),Dimensity 8300-Ultra,"5,000mAh",6.67 inches,149999.0,69999.0,3499.0,599.0,2499.0,2024,195.0,12.0,32.0,50.0,5000.0,6.67,256.0,Xiaomi 14T
Xiaomi,Xiaomi 14T 512GB,195g,12GB,32MP,50MP (Main) + 50MP (Ultra-wide),Dimensity 8300-Ultra,"5,000mAh",6.67 inches,169999.0,79999.0,3799.0,699.0,2799.0,2024,195.0,12.0,32.0,50.0,5000.0,6.67,512.0,Xiaomi 14T
Xiaomi,Redmi Note 14 Pro+ 5G 128GB,205g,8GB,16MP,200MP (Main) + 8MP (Ultra-wide) + 2MP (Macro),Snapdragon 7s Gen 3,"5,110mAh",6.67 inches,89999.0,29999.0,2499.0,374.9,1499.0,2024,205.0,8.0,16.0,200.0,5110.0,6.67,128.0,Redmi Note 14 Pro+ 5G
Xiaomi,Redmi Note 14 Pro+ 5G 256GB,205g,12GB,16MP,200MP (Main) + 8MP (Ultra-wide) + 2MP (Macro),Snapdragon 7s Gen 3,"5,110mAh",6.67 inches,99999.0,32999.0,2799.0,399.0,1599.0,2024,205.0,12.0,16.0,200.0,5110.0,6.67,256.0,Redmi Note 14 Pro+ 5G
Xiaomi,Redmi Note 14 Pro+ 5G 512GB,205g,16GB,16MP,200MP (Main) + 8MP (Ultra-wide) + 2MP (Macro),Snapdragon 7s Gen 3,"5,110mAh",6.67 inches,109999.0,35999.0,3099.0,429.0,1699.0,2024,205.0,16.0,16.0,200.0,5110.0,6.67,512.0,Redmi Note 14 Pro+ 5G
Xiaomi,Redmi Note 14 Pro 5G 128GB,195g,8GB,16MP,108MP (Main) + 8MP (Ultra-wide) + 2MP (Macro),MediaTek Dimensity 7300-Ultra,"5,500mAh",6.67 inches,79999.0,27999.0,2199.0,349.0,1399.0,2024,195.0,8.0,16.0,108.0,5500.0,6.67,128.0,Redmi Note 14 Pro 5G
Xiaomi,Redmi Note 14 Pro 5G 256GB,195g,12GB,16MP,108MP (Main) + 8MP (Ultra-wide) + 2MP (Macro),MediaTek Dimensity 7300-Ultra,"5,500mAh",6.67 inches,89999.0,30999.0,2499.0,379.0,1499.0,2024,195.0,12.0,16.0,108.0,5500.0,6.67,256.0,Redmi Note 14 Pro 5G
Xiaomi,Redmi Note 14 Pro 4G 128GB,190g,6GB,16MP,108MP (Main) + 8MP (Ultra-wide) + 2MP (Macro),Qualcomm Snapdragon 732G,"5,000mAh",6.67 inches,69999.0,24999.0,1999.0,299.0,1199.0,2024,190.0,6.0,16.0,108.0,5000.0,6.67,128.0,Redmi Note 14 Pro 4G
Xiaomi,Redmi Note 14 Pro 4G 256GB,190g,8GB,16MP,108MP (Main) + 8MP (Ultra-wide) + 2MP (Macro),Qualcomm Snapdragon 732G,"5,000mAh",6.67 inches,79999.0,27999.0,2299.0,329.0,1299.0,2024,190.0,8.0,16.0,108.0,5000.0,6.67,256.0,Redmi Note 14 Pro 4G
Xiaomi,Redmi Note 14 5G 128GB,185g,6GB,16MP,50MP (Main) + 8MP (Ultra-wide) + 2MP (Macro),MediaTek Dimensity 7025-Ultra,"5,000mAh",6.67 inches,59999.0,21999.0,1799.0,279.0,1099.0,2024,185.0,6.0,16.0,50.0,5000.0,6.67,128.0,Redmi Note 14 5G
Xiaomi,Redmi Note 14 5G 256GB,185g,8GB,16MP,50MP (Main) + 8MP (Ultra-wide) + 2MP (Macro),MediaTek Dimensity 7025-Ultra,"5,000mAh",6.67 inches,69999.0,24999.0,2099.0,309.0,1199.0,2024,185.0,8.0,16.0,50.0,5000.0,6.67,256.0,Redmi Note 14 5G
Xiaomi,Redmi Note 14 4G 128GB,180g,4GB,16MP,50MP (Main) + 8MP (Ultra-wide) + 2MP (Macro),Qualcomm Snapdragon 680,"5,000mAh",6.67 inches,49999.0,18999.0,1599.0,249.0,999.0,2024,180.0,4.0,16.0,50.0,5000.0,6.67,128.0,Redmi Note 14 4G
Xiaomi,Redmi Note 14 4G 256GB,180g,6GB,16MP,50MP (Main) + 8MP (Ultra-wide) + 2MP (Macro),Qualcomm Snapdragon 680,"5,000mAh",6.67 inches,59999.0,21999.0,1899.0,279.0,1099.0,2024,180.0,6.0,16.0,50.0,5000.0,6.67,256.0,Redmi Note 14 4G
Xiaomi,Redmi 14C 5G 64GB,195g,4GB,8MP,50MP (Main) + 2MP (Depth),MediaTek Dimensity 700,"5,000mAh",6.5 inches,39999.0,14999.0,1299.0,199.0,799.0,2024,195.0,4.0,8.0,50.0,5000.0,6.5,64.0,Redmi 14C 5G
Xiaomi,Redmi 14C 5G 128GB,195g,6GB,8MP,50MP (Main) + 2MP (Depth),MediaTek Dimensity 700,"5,000mAh",6.5 inches,44999.0,16999.0,1499.0,229.0,899.0,2024,195.0,6.0,8.0,50.0,5000.0,6.5,128.0,Redmi 14C 5G
Motorola,Edge 50 Fusion 128GB,168g,8GB,32MP,50MP,Snapdragon 7 Gen 1,"5,000mAh",6.7 inches,139999.0,29999.0,2499.0,499.0,1899.0,2024,168.0,8.0,32.0,50.0,5000.0,6.7,128.0,Edge 50 Fusion
Motorola,Edge 50 Fusion 256GB,168g,12GB,32MP,50MP,Snapdragon 7 Gen 1,"5,000mAh",6.7 inches,159999.0,34999.0,2799.0,549.0,2099.0,2024,168.0,12.0,32.0,50.0,5000.0,6.7,256.0,Edge 50 Fusion
Motorola,Edge 50 Pro 128GB,186g,8GB,50MP,50MP,Snapdragon 7 Gen 3,"4,500mAh",6.7 inches,169999.0,34999.0,2999.0,549.0,2099.0,2024,186.0,8.0,50.0,50.0,4500.0,6.7,128.0,Edge 50 Pro
Motorola,Edge 50 Pro 256GB,186g,12GB,50MP,50MP,Snapdragon 7 Gen 3,"4,500mAh",6.7 inches,189999.0,39999.0,3299.0,599.0,2299.0,2024,186.0,12.0,50.0,50.0,4500.0,6.7,256.0,Edge 50 Pro
Motorola,One Vision 3 128GB,180g,6GB,25MP,48MP,Exynos 9609,"3,500mAh",6.3 inches,39999.0,19999.0,1399.0,299.0,1099.0,2024,180.0,6.0,25.0,48.0,3500.0,6.3,128.0,One Vision 3
Motorola,One Vision 3 256GB,180g,8GB,25MP,48MP,Exynos 9609,"3,500mAh",6.3 inches,44999.0,22999.0,1599.0,349.0,1299.0,2024,180.0,8.0,25.0,48.0,3500.0,6.3,256.0,One Vision 3
Motorola,Edge 50 Lite 128GB,170g,6GB,32MP,64MP,Snapdragon 695,"5,000mAh",6.7 inches,59999.0,27999.0,2199.0,399.0,1499.0,2024,170.0,6.0,32.0,64.0,5000.0,6.7,128.0,Edge 50 Lite
Motorola,Edge 50 Lite 256GB,170g,8GB,32MP,64MP,Snapdragon 695,"5,000mAh",6.7 inches,64999.0,29999.0,2399.0,449.0,1699.0,2024,170.0,8.0,32.0,64.0,5000.0,6.7,256.0,Edge 50 Lite
Motorola,Moto G75 5G 128GB,205g,8GB,16MP,50MP,Snapdragon 6 Gen 3,"5,000mAh",6.78 inches,89999.0,34999.0,2699.0,320.0,1175.0,2024,205.0,8.0,16.0,50.0,5000.0,6.78,128.0,Moto G75 5G
Motorola,Moto G75 5G 256GB,205g,8GB,16MP,50MP,Snapdragon 6 Gen 3,"5,000mAh",6.78 inches,99999.0,39999.0,2999.0,370.0,1350.0,2024,205.0,8.0,16.0,50.0,5000.0,6.78,256.0,Moto G75 5G
Motorola,Moto S50 128GB,190g,8GB,32MP,64MP,MediaTek Dimensity 8100,"4,500mAh",6.7 inches,79999.0,29999.0,2499.0,300.0,1100.0,2024,190.0,8.0,32.0,64.0,4500.0,6.7,128.0,Moto S50
Motorola,Moto S50 256GB,190g,12GB,32MP,64MP,MediaTek Dimensity 8100,"4,500mAh",6.7 inches,89999.0,34999.0,2799.0,350.0,1275.0,2024,190.0,12.0,32.0,64.0,4500.0,6.7,256.0,Moto S50
Motorola,Edge 50 Neo 256GB,171g,8GB,32MP,50MP,MediaTek Dimensity 7300,"4,310mAh",6.4 inches,99999.0,39999.0,2999.0,400.0,1500.0,2024,171.0,8.0,32.0,50.0,4310.0,6.4,256.0,Edge 50 Neo
Motorola,Edge 50 Neo 512GB,171g,12GB,32MP,50MP,MediaTek Dimensity 7300,"4,310mAh",6.4 inches,109999.0,44999.0,3299.0,450.0,1675.0,2024,171.0,12.0,32.0,50.0,4310.0,6.4,512.0,Edge 50 Neo
Motorola,Moto G55 128GB,182g,8GB,16MP,50MP,MediaTek Dimensity 7025,"5,000mAh",6.49 inches,69999.0,26999.0,2199.0,270.0,1000.0,2024,182.0,8.0,16.0,50.0,5000.0,6.49,128.0,Moto G55
Motorola,Moto G55 256GB,182g,8GB,16MP,50MP,MediaTek Dimensity 7025,"5,000mAh",6.49 inches,79999.0,29999.0,2499.0,320.0,1175.0,2024,182.0,8.0,16.0,50.0,5000.0,6.49,256.0,Moto G55
Motorola,Moto G35 128GB,188g,4GB,16MP,50MP,Unisoc T760,"5,000mAh",6.72 inches,49999.0,18999.0,1599.0,200.0,750.0,2024,188.0,4.0,16.0,50.0,5000.0,6.72,128.0,Moto G35
Motorola,Moto G35 256GB,188g,8GB,16MP,50MP,Unisoc T760,"5,000mAh",6.72 inches,59999.0,22999.0,1899.0,250.0,925.0,2024,188.0,8.0,16.0,50.0,5000.0,6.72,256.0,Moto G35
Motorola,Moto G45 128GB,183g,6GB,16MP,50MP,Snapdragon 6s Gen 3,"5,000mAh",6.5 inches,59999.0,22999.0,1899.0,250.0,925.0,2024,183.0,6.0,16.0,50.0,5000.0,6.5,128.0,Moto G45
Motorola,Moto G45 256GB,183g,8GB,16MP,50MP,Snapdragon 6s Gen 3,"5,000mAh",6.5 inches,69999.0,26999.0,2199.0,300.0,1100.0,2024,183.0,8.0,16.0,50.0,5000.0,6.5,256.0,Moto G45
Motorola,Edge 50 256GB,180g,8GB,32MP,50MP,Snapdragon 7s Gen 2,"4,700mAh",6.7 inches,109999.0,44999.0,3299.0,450.0,1675.0,2024,180.0,8.0,32.0,50.0,4700.0,6.7,256.0,Edge 50
Motorola,Edge 50 512GB,180g,12GB,32MP,50MP,Snapdragon 7s Gen 2,"4,700mAh",6.7 inches,119999.0,49999.0,3599.0,500.0,1850.0,2024,180.0,12.0,32.0,50.0,4700.0,6.7,512.0,Edge 50
Motorola,Razr 50 Ultra 512GB,189g,12GB,32MP,50MP,Snapdragon 8+ Gen 1,"4,000mAh","6.9 inches (internal), 4.0 inches (external)",249999.0,99999.0,7999.0,1199.0,4399.0,2024,189.0,12.0,32.0,50.0,4000.0,6.9,512.0,Razr 50 Ultra
Motorola,Razr 50 256GB,188g,8GB,32MP,50MP,Snapdragon 7 Gen 1,"3,800mAh","6.7 inches (internal), 3.6 inches (external)",199999.0,79999.0,5999.0,999.0,3699.0,2024,188.0,8.0,32.0,50.0,3800.0,6.7,256.0,Razr 50
Motorola,Moto G85 128GB,173g,8GB,32MP,50MP,Snapdragon 6s Gen 3,"5,000mAh",6.67 inches,79999.0,29999.0,2499.0,320.0,1175.0,2024,173.0,8.0,32.0,50.0,5000.0,6.67,128.0,Moto G85
Motorola,Moto G85 256GB,173g,12GB,32MP,50MP,Snapdragon 6s Gen 3,"5,000mAh",6.67 inches,89999.0,34999.0,2799.0,370.0,1350.0,2024,173.0,12.0,32.0,50.0,5000.0,6.67,256.0,Moto G85
Motorola,S50 Neo 256GB,170g,8GB,32MP,50MP,MediaTek Dimensity 7200,"4,300mAh",6.5 inches,69999.0,26999.0,2199.0,300.0,1100.0,2024,170.0,8.0,32.0,50.0,4300.0,6.5,256.0,S50 Neo
Motorola,S50 Neo 512GB,170g,12GB,32MP,50MP,MediaTek Dimensity 7200,"4,300mAh",6.5 inches,79999.0,29999.0,2499.0,350.0,1275.0,2024,170.0,12.0,32.0,50.0,4300.0,6.5,512.0,S50 Neo
Motorola,Moto E14 64GB,180g,4GB,8MP,13MP,Unisoc T606,"5,000mAh",6.5 inches,29999.0,11999.0,999.0,150.0,550.0,2024,180.0,4.0,8.0,13.0,5000.0,6.5,64.0,Moto E14
Motorola,Moto E14 128GB,180g,4GB,8MP,13MP,Unisoc T606,"5,000mAh",6.5 inches,34999.0,13999.0,1199.0,180.0,650.0,2024,180.0,4.0,8.0,13.0,5000.0,6.5,128.0,Moto E14
Motorola,Edge 256GB,174g,8GB,32MP,50MP,Snapdragon 7s Gen 2,"4,700mAh",6.7 inches,109999.0,44999.0,3299.0,450.0,1675.0,2024,174.0,8.0,32.0,50.0,4700.0,6.7,256.0,Edge
Motorola,Edge 512GB,174g,12GB,32MP,50MP,Snapdragon 7s Gen 2,"4,700mAh",6.7 inches,119999.0,49999.0,3599.0,500.0,1850.0,2024,174.0,12.0,32.0,50.0,4700.0,6.7,512.0,Edge
Motorola,Moto X50 Ultra 512GB,198g,12GB,60MP,200MP,Snapdragon 8 Gen 3,"5,000mAh",6.9 inches,299999.0,119999.0,8999.0,1499.0,5499.0,2024,198.0,12.0,60.0,200.0,5000.0,6.9,512.0,Moto X50 Ultra
Motorola,Moto G Stylus 5G 256GB,195g,6GB,16MP,50MP,Snapdragon 6 Gen 1,"5,000mAh",6.8 inches,69999.0,26999.0,2199.0,300.0,1100.0,2024,195.0,6.0,16.0,50.0,5000.0,6.8,256.0,Moto G Stylus 5G
Motorola,Moto G Stylus 5G 512GB,195g,8GB,16MP,50MP,Snapdragon 6 Gen 1,"5,000mAh",6.8 inches,79999.0,29999.0,2499.0,350.0,1275.0,2024,195.0,8.0,16.0,50.0,5000.0,6.8,512.0,Moto G Stylus 5G
Motorola,Edge 50 Ultra 512GB,198g,12GB,60MP,200MP,Snapdragon 8 Gen 3,"5,000mAh",6.9 inches,299999.0,119999.0,8999.0,1499.0,5499.0,2024,198.0,12.0,60.0,200.0,5000.0,6.9,512.0,Edge 50 Ultra
Huawei,Pura 70,220g,12GB,13MP,50MP + 13MP + 12MP,Kirin 9010,"4,900mAh",6.8 inches,169999.0,84999.0,6988.0,999.0,3699.0,2024,220.0,12.0,13.0,50.0,4900.0,6.8,,Pura 70
Huawei,Pura 70 Pro,220g,12GB,13MP,50MP + 12.5MP + 48MP,Kirin 9010,"5,050mAh",6.8 inches,189999.0,99999.0,7988.0,1099.0,4199.0,2024,220.0,12.0,13.0,50.0,5050.0,6.8,,Pura 70 Pro
Huawei,Pura 70 Pro+,220g,12GB,13MP,50MP + 12.5MP + 48MP,Kirin 9010,"5,050mAh",6.8 inches,209999.0,114999.0,8988.0,1199.0,4699.0,2024,220.0,12.0,13.0,50.0,5050.0,6.8,,Pura 70 Pro+
Huawei,Pura 70 Ultra,226g,16GB,13MP,50MP + 40MP + 50MP,Kirin 9010,"5,200mAh",6.8 inches,229999.0,129999.0,9988.0,1299.0,5199.0,2024,226.0,16.0,13.0,50.0,5200.0,6.8,,Pura 70 Ultra
Huawei,Mate 70,220g,12GB,13MP,50MP + 12MP,Kirin 9010,"4,900mAh",6.7 inches,179999.0,89999.0,5499.0,899.0,3399.0,2024,220.0,12.0,13.0,50.0,4900.0,6.7,,Mate 70
Huawei,Mate 70 Pro,220g,12GB,13MP,50MP + 12MP + 40MP,Kirin 9010,"5,000mAh",6.8 inches,199999.0,104999.0,6499.0,999.0,3899.0,2024,220.0,12.0,13.0,50.0,5000.0,6.8,,Mate 70 Pro
Huawei,Mate 70 Pro+,220g,12GB,13MP,50MP + 12MP + 40MP,Kirin 9010,"5,000mAh",6.8 inches,219999.0,119999.0,7499.0,1099.0,4399.0,2024,220.0,12.0,13.0,50.0,5000.0,6.8,,Mate 70 Pro+
Huawei,Mate X6,241g,12GB,8MP,50MP + 13MP + 12MP,Kirin 9010,"4,800mAh",7.93 inches,349999.0,249999.0,12999.0,2499.0,9999.0,2024,241.0,12.0,8.0,50.0,4800.0,7.93,,Mate X6
Huawei,Nova 12,168g,8GB,60MP,50MP + 8MP,Kirin 9000S,"4,500mAh",6.7 inches,89999.0,44999.0,2999.0,499.0,1899.0,2024,168.0,8.0,60.0,50.0,4500.0,6.7,,Nova 12
Huawei,Nova 12 Pro,188g,8GB,60MP + 8MP,50MP + 8MP,Kirin 9000S,"4,500mAh",6.78 inches,109999.0,54999.0,3499.0,599.0,2199.0,2024,188.0,8.0,60.0,50.0,4500.0,6.78,,Nova 12 Pro
Huawei,Mate XT 256GB,245g,12GB,13MP,50MP + 12MP + 48MP,Kirin 9010,"5,000mAh",7.92 inches,359999.0,259999.0,13499.0,2599.0,10499.0,2024,245.0,12.0,13.0,50.0,5000.0,7.92,256.0,Mate XT
Huawei,Mate XT 512GB,245g,12GB,13MP,50MP + 12MP + 48MP,Kirin 9010,"5,000mAh",7.92 inches,389999.0,274999.0,14499.0,2799.0,11099.0,2024,245.0,12.0,13.0,50.0,5000.0,7.92,512.0,Mate XT
Huawei,Nova 13 256GB,170g,8GB,50MP,50MP + 8MP,Kirin 9000S,"4,600mAh",6.7 inches,94999.0,47999.0,3199.0,529.0,1999.0,2024,170.0,8.0,50.0,50.0,4600.0,6.7,256.0,Nova 13
Huawei,Nova 13 512GB,170g,8GB,50MP,50MP + 8MP,Kirin 9000S,"4,600mAh",6.7 inches,109999.0,54999.0,3699.0,599.0,2299.0,2024,170.0,8.0,50.0,50.0,4600.0,6.7,512.0,Nova 13
Huawei,Nova 13 Pro 256GB,190g,8GB,60MP + 8MP,50MP + 8MP,Kirin 9000S,"4,600mAh",6.78 inches,119999.0,59999.0,3999.0,649.0,2399.0,2024,190.0,8.0,60.0,50.0,4600.0,6.78,256.0,Nova 13 Pro
Huawei,Nova 13 Pro 512GB,190g,8GB,60MP + 8MP,50MP + 8MP,Kirin 9000S,"4,600mAh",6.78 inches,134999.0,67999.0,4499.0,729.0,2699.0,2024,190.0,8.0,60.0,50.0,4600.0,6.78,512.0,Nova 13 Pro
Sony,Xperia 1 VI 256GB,190g,12GB,12MP,48MP,Snapdragon 8 Gen 3,"5,000mAh",6.5 inches,469999.0,129999.0,8499.0,1799.0,6199.0,2024,190.0,12.0,12.0,48.0,5000.0,6.5,256.0,Xperia 1 VI
Sony,Xperia 5 VI 128GB,180g,8GB,12MP,48MP,Snapdragon 8 Gen 3,"5,000mAh",6.1 inches,349999.0,99999.0,6599.0,1199.0,4399.0,2024,180.0,8.0,12.0,48.0,5000.0,6.1,128.0,Xperia 5 VI
Sony,Xperia 10 VI 128GB,167g,6GB,8MP,48MP,Snapdragon 7 Gen 1,"5,000mAh",6.1 inches,209999.0,59999.0,3999.0,699.0,2199.0,2024,167.0,6.0,8.0,48.0,5000.0,6.1,128.0,Xperia 10 VI
Huawei,MatePad Pro 12.2 512GB,508g,12GB,16MP,"13MP (f/1.8, AF)",Kirin 9000S,"10,100mAh",12.2 inches,161500.0,49990.0,4799.0,999.0,2199.0,2024,508.0,12.0,16.0,13.0,10100.0,12.2,512.0,MatePad Pro 12.2
Huawei,MatePad Pro 13.2 512GB,580g,12GB,16MP,"13MP (f/1.8, AF)",Kirin 9000S,"10,100mAh",13.2 inches,197000.0,58590.0,5199.0,877.0,2199.0,2024,580.0,12.0,16.0,13.0,10100.0,13.2,512.0,MatePad Pro 13.2
Google,Pixel 8a 128GB,194g,8GB,10.5MP,64MP,Google Tensor G3,"4,385mAh",6.1 inches,149999.0,49999.0,4999.0,549.0,2399.0,2024,194.0,8.0,10.5,64.0,4385.0,6.1,128.0,Pixel 8a
Google,Pixel 9 128GB,195g,8GB,10.8MP,50MP,Google Tensor G4,"4,600mAh",6.3 inches,189999.0,74999.0,6599.0,799.0,3199.0,2024,195.0,8.0,10.8,50.0,4600.0,6.3,128.0,Pixel 9
Google,Pixel 9 Pro 256GB,216g,12GB,10.8MP,50MP,Google Tensor G4,"5,050mAh",6.7 inches,259999.0,109999.0,8799.0,1099.0,4199.0,2024,216.0,12.0,10.8,50.0,5050.0,6.7,256.0,Pixel 9 Pro
Google,Pixel 9 Pro XL 512GB,222g,16GB,10.8MP,50MP,Google Tensor G4,"5,250mAh",6.8 inches,299999.0,129999.0,9799.0,1299.0,4999.0,2024,222.0,16.0,10.8,50.0,5250.0,6.8,512.0,Pixel 9 Pro XL
Google,Pixel 9 Pro Fold 512GB,250g,16GB,10.8MP,50MP,Google Tensor G4,"5,500mAh",7.6 inches,399999.0,179999.0,13999.0,1799.0,6999.0,2024,250.0,16.0,10.8,50.0,5500.0,7.6,512.0,Pixel 9 Pro Fold
Tecno,Spark Go 1S 64GB,190g,4GB,8MP,13MP,MediaTek Helio A22,"5,000mAh",6.6 inches,27999.0,9999.0,799.0,129.0,499.0,2024,190.0,4.0,8.0,13.0,5000.0,6.6,64.0,Spark Go 1S
Tecno,Megapad 11 256GB,450g,8GB,13MP,50MP,MediaTek G99,"8,000mAh",11 inches,69999.0,29999.0,2499.0,349.0,1299.0,2024,450.0,8.0,13.0,50.0,8000.0,11.0,256.0,Megapad 11
Tecno,Pop 9 4G 64GB,195g,3GB,5MP,8MP,Unisoc SC9863A,"5,000mAh",6.52 inches,22999.0,7499.0,599.0,99.0,399.0,2024,195.0,3.0,5.0,8.0,5000.0,6.52,64.0,Pop 9 4G
Tecno,Megapad 128GB,420g,6GB,12MP,50MP,MediaTek Helio G80,"7,500mAh",10.9 inches,59999.0,24999.0,2299.0,299.0,1099.0,2024,420.0,6.0,12.0,50.0,7500.0,10.9,128.0,Megapad
Tecno,Camon 30S 256GB,198g,8GB,32MP,50MP,MediaTek Dimensity 810,"5,200mAh",6.8 inches,89999.0,39999.0,3199.0,499.0,1999.0,2024,198.0,8.0,32.0,50.0,5200.0,6.8,256.0,Camon 30S
Tecno,Spark 30C 5G 128GB,200g,6GB,16MP,50MP,MediaTek Dimensity 6100+,"5,000mAh",6.6 inches,39999.0,14999.0,1199.0,199.0,749.0,2024,200.0,6.0,16.0,50.0,5000.0,6.6,128.0,Spark 30C 5G
Tecno,Spark 30 5G 128GB,195g,6GB,16MP,50MP,MediaTek Dimensity 6020,"5,000mAh",6.6 inches,42999.0,16999.0,1399.0,229.0,849.0,2024,195.0,6.0,16.0,50.0,5000.0,6.6,128.0,Spark 30 5G
Tecno,Pop 9 64GB,190g,3GB,5MP,8MP,Unisoc SC9832E,"5,000mAh",6.52 inches,21999.0,6999.0,549.0,89.0,349.0,2024,190.0,3.0,5.0,8.0,5000.0,6.52,64.0,Pop 9
Tecno,Spark 30 Pro 256GB,205g,8GB,32MP,50MP,MediaTek Helio G99,"5,200mAh",6.8 inches,54999.0,19999.0,1799.0,269.0,999.0,2024,205.0,8.0,32.0,50.0,5200.0,6.8,256.0,Spark 30 Pro
Tecno,Spark 30 128GB,192g,4GB,16MP,50MP,MediaTek Helio G85,"5,000mAh",6.6 inches,34999.0,12999.0,1099.0,179.0,699.0,2024,192.0,4.0,16.0,50.0,5000.0,6.6,128.0,Spark 30
Tecno,Phantom V Fold2 512GB,280g,12GB,32MP,64MP,MediaTek Dimensity 9200+,"5,500mAh",7.85 inches,399999.0,169999.0,12999.0,1799.0,6999.0,2024,280.0,12.0,32.0,64.0,5500.0,7.85,512.0,Phantom V Fold2
Tecno,Phantom V Flip2 256GB,195g,8GB,32MP,50MP,MediaTek Dimensity 8050,"4,300mAh",6.9 inches,159999.0,79999.0,5999.0,999.0,3999.0,2024,195.0,8.0,32.0,50.0,4300.0,6.9,256.0,Phantom V Flip2
Tecno,Pova 6 Neo 5G 256GB,225g,8GB,16MP,50MP,MediaTek Dimensity 810,"6,000mAh",6.8 inches,69999.0,29999.0,2499.0,349.0,1299.0,2024,225.0,8.0,16.0,50.0,6000.0,6.8,256.0,Pova 6 Neo 5G
Tecno,Spark 30C 128GB,190g,4GB,16MP,50MP,MediaTek Helio G85,"5,000mAh",6.6 inches,32999.0,11999.0,999.0,149.0,599.0,2024,190.0,4.0,16.0,50.0,5000.0,6.6,128.0,Spark 30C
Tecno,Spark Go 1 64GB,195g,3GB,5MP,8MP,Unisoc SC9863A,"5,000mAh",6.52 inches,22999.0,7499.0,599.0,99.0,399.0,2024,195.0,3.0,5.0,8.0,5000.0,6.52,64.0,Spark Go 1
Tecno,Camon 30S Pro 512GB,202g,12GB,50MP,108MP,MediaTek Dimensity 9200,"5,200mAh",6.9 inches,159999.0,79999.0,6999.0,1099.0,4199.0,2024,202.0,12.0,50.0,108.0,5200.0,6.9,512.0,Camon 30S Pro
Tecno,Spark 20P 128GB,195g,4GB,16MP,50MP,MediaTek Helio G85,"5,000mAh",6.6 inches,37999.0,13999.0,1199.0,179.0,699.0,2024,195.0,4.0,16.0,50.0,5000.0,6.6,128.0,Spark 20P
Tecno,Spark 20 Pro 5G 256GB,210g,8GB,32MP,50MP,MediaTek Dimensity 810,"5,200mAh",6.8 inches,59999.0,24999.0,2299.0,329.0,1199.0,2024,210.0,8.0,32.0,50.0,5200.0,6.8,256.0,Spark 20 Pro 5G
Tecno,Pova 6 Neo 256GB,230g,8GB,16MP,50MP,MediaTek Helio G99,"6,000mAh",6.8 inches,55999.0,22999.0,1899.0,299.0,1099.0,2024,230.0,8.0,16.0,50.0,6000.0,6.8,256.0,Pova 6 Neo
Tecno,Camon 30 Premier 512GB,210g,12GB,50MP,108MP,MediaTek Dimensity 9200,"5,200mAh",6.9 inches,179999.0,89999.0,7499.0,1199.0,4499.0,2024,210.0,12.0,50.0,108.0,5200.0,6.9,512.0,Camon 30 Premier
Tecno,Camon 30 Pro 512GB,205g,12GB,50MP,64MP,MediaTek Dimensity 8200,"5,200mAh",6.8 inches,129999.0,64999.0,5499.0,899.0,3299.0,2024,205.0,12.0,50.0,64.0,5200.0,6.8,512.0,Camon 30 Pro
Tecno,Camon 30 5G 256GB,198g,8GB,32MP,50MP,MediaTek Dimensity 810,"5,000mAh",6.7 inches,89999.0,39999.0,3199.0,499.0,1999.0,2024,198.0,8.0,32.0,50.0,5000.0,6.7,256.0,Camon 30 5G
Tecno,Camon 30 128GB,195g,6GB,32MP,50MP,MediaTek Helio G99,"5,000mAh",6.7 inches,69999.0,29999.0,2499.0,349.0,1299.0,2024,195.0,6.0,32.0,50.0,5000.0,6.7,128.0,Camon 30
Tecno,Pova 6 Pro 512GB,230g,12GB,32MP,64MP,MediaTek Dimensity 8100,"6,000mAh",6.9 inches,159999.0,79999.0,6999.0,1099.0,4199.0,2024,230.0,12.0,32.0,64.0,6000.0,6.9,512.0,Pova 6 Pro
Tecno,Spark 20 Pro+ 256GB,210g,8GB,32MP,50MP,MediaTek Helio G99,"5,200mAh",6.8 inches,54999.0,19999.0,1799.0,269.0,999.0,2024,210.0,8.0,32.0,50.0,5200.0,6.8,256.0,Spark 20 Pro+
Tecno,Spark 20 Pro 128GB,195g,6GB,16MP,50MP,MediaTek Helio G85,"5,000mAh",6.6 inches,39999.0,14999.0,1199.0,199.0,749.0,2024,195.0,6.0,16.0,50.0,5000.0,6.6,128.0,Spark 20 Pro
Tecno,Spark 20 128GB,192g,4GB,16MP,50MP,MediaTek Helio G85,"5,000mAh",6.6 inches,34999.0,12999.0,1099.0,179.0,699.0,2024,192.0,4.0,16.0,50.0,5000.0,6.6,128.0,Spark 20
Tecno,Spark 20C 128GB,190g,4GB,16MP,50MP,MediaTek Helio G85,"5,000mAh",6.6 inches,32999.0,11999.0,999.0,149.0,599.0,2024,190.0,4.0,16.0,50.0,5000.0,6.6,128.0,Spark 20C
Tecno,Spark Go 2024 64GB,195g,3GB,5MP,8MP,Unisoc SC9863A,"5,000mAh",6.52 inches,22999.0,7499.0,599.0,99.0,399.0,2024,195.0,3.0,5.0,8.0,5000.0,6.52,64.0,Spark Go 2024
Tecno,Pop 8 64GB,195g,3GB,5MP,8MP,Unisoc SC9832E,"5,000mAh",6.52 inches,21999.0,6999.0,549.0,89.0,349.0,2024,195.0,3.0,5.0,8.0,5000.0,6.52,64.0,Pop 8
Tecno,Camon 20s Pro 5G 512GB,202g,12GB,50MP,108MP,MediaTek Dimensity 9200,"5,200mAh",6.9 inches,159999.0,79999.0,6999.0,1099.0,4199.0,2024,202.0,12.0,50.0,108.0,5200.0,6.9,512.0,Camon 20s Pro 5G
Tecno,Camon 20s Pro 256GB,202g,12GB,50MP,108MP,MediaTek Dimensity 810,"5,200mAh",6.9 inches,129999.0,59999.0,4999.0,899.0,3499.0,2024,202.0,12.0,50.0,108.0,5200.0,6.9,256.0,Camon 20s Pro
Tecno,Camon 20s 256GB,200g,8GB,32MP,50MP,MediaTek Helio G99,"5,000mAh",6.7 inches,79999.0,34999.0,2799.0,449.0,1799.0,2024,200.0,8.0,32.0,50.0,5000.0,6.7,256.0,Camon 20s
Tecno,Camon 20 Premier 512GB,205g,12GB,50MP,108MP,MediaTek Dimensity 8200,"5,200mAh",6.8 inches,149999.0,74999.0,6499.0,1049.0,3999.0,2024,205.0,12.0,50.0,108.0,5200.0,6.8,512.0,Camon 20 Premier
Tecno,Camon 20 Pro 5G 256GB,200g,8GB,32MP,50MP,MediaTek Dimensity 810,"5,000mAh",6.7 inches,89999.0,39999.0,3199.0,499.0,1999.0,2024,200.0,8.0,32.0,50.0,5000.0,6.7,256.0,Camon 20 Pro 5G
Tecno,Camon 20 Pro 128GB,198g,6GB,32MP,50MP,MediaTek Helio G99,"5,000mAh",6.7 inches,69999.0,29999.0,2499.0,349.0,1299.0,2024,198.0,6.0,32.0,50.0,5000.0,6.7,128.0,Camon 20 Pro
Tecno,Camon 20 128GB,195g,6GB,32MP,50MP,MediaTek Helio G99,"5,000mAh",6.7 inches,69999.0,29999.0,2499.0,349.0,1299.0,2024,195.0,6.0,32.0,50.0,5000.0,6.7,128.0,Camon 20
Tecno,Pova 5G 512GB,240g,8GB,32MP,50MP,MediaTek Dimensity 900,"6,000mAh",6.9 inches,119999.0,54999.0,4499.0,699.0,2799.0,2024,240.0,8.0,32.0,50.0,6000.0,6.9,512.0,Pova 5G
Tecno,Pova 5 256GB,230g,8GB,16MP,50MP,MediaTek Helio G99,"6,000mAh",6.8 inches,59999.0,24999.0,2299.0,329.0,1199.0,2024,230.0,8.0,16.0,50.0,6000.0,6.8,256.0,Pova 5
Infinix,Xpad,450g,6GB,8MP,13MP,MediaTek Helio G99,"7,000mAh",10.1 inches,54999.0,21999.0,1999.0,299.0,1099.0,2024,450.0,6.0,8.0,13.0,7000.0,10.1,,Xpad
Infinix,Xpad 5G,470g,8GB,16MP,50MP,MediaTek Dimensity 810,"8,000mAh",10.4 inches,79999.0,29999.0,2499.0,399.0,1499.0,2024,470.0,8.0,16.0,50.0,8000.0,10.4,,Xpad 5G
Infinix,Xpad Lite,420g,4GB,5MP,8MP,Unisoc T606,"6,000mAh",9.7 inches,39999.0,14999.0,1399.0,219.0,799.0,2024,420.0,4.0,5.0,8.0,6000.0,9.7,,Xpad Lite
Infinix,Xpad Pro,480g,12GB,32MP,50MP,MediaTek Dimensity 9200,"9,000mAh",11.0 inches,99999.0,39999.0,3499.0,549.0,1999.0,2024,480.0,12.0,32.0,50.0,9000.0,11.0,,Xpad Pro
Infinix,Hot 50,192g,6GB,8MP,50MP,MediaTek Helio G85,"5,000mAh",6.78 inches,39999.0,14999.0,1399.0,219.0,799.0,2024,192.0,6.0,8.0,50.0,5000.0,6.78,,Hot 50
Infinix,Hot 50i,190g,4GB,8MP,50MP,Unisoc T606,"5,000mAh",6.6 inches,32999.0,12499.0,1199.0,179.0,699.0,2024,190.0,4.0,8.0,50.0,5000.0,6.6,,Hot 50i
Infinix,Hot 50 5G,195g,8GB,16MP,50MP,MediaTek Dimensity 810,"5,200mAh",6.78 inches,48999.0,18999.0,1799.0,289.0,1049.0,2024,195.0,8.0,16.0,50.0,5200.0,6.78,,Hot 50 5G
Infinix,Hot 50 Pro,194g,8GB,16MP,50MP,MediaTek Helio G99,"5,000mAh",6.8 inches,45999.0,17999.0,1699.0,269.0,999.0,2024,194.0,8.0,16.0,50.0,5000.0,6.8,,Hot 50 Pro
Infinix,Hot 50 Pro+,196g,12GB,32MP,108MP,MediaTek Dimensity 9200,"5,300mAh",6.9 inches,64999.0,24999.0,2499.0,379.0,1399.0,2024,196.0,12.0,32.0,108.0,5300.0,6.9,,Hot 50 Pro+
Infinix,GT 20 Pro,198g,12GB,32MP,108MP,MediaTek Dimensity 8200,"5,500mAh",6.9 inches,89999.0,32999.0,2999.0,449.0,1699.0,2024,198.0,12.0,32.0,108.0,5500.0,6.9,,GT 20 Pro
Infinix,Note 40X 5G,198g,8GB,32MP,108MP,MediaTek Dimensity 7200,"5,200mAh",6.8 inches,64999.0,23999.0,2299.0,349.0,1299.0,2024,198.0,8.0,32.0,108.0,5200.0,6.8,,Note 40X 5G
Infinix,Note 40S,196g,8GB,32MP,50MP,MediaTek Helio G99,"5,000mAh",6.78 inches,42999.0,16999.0,1799.0,279.0,999.0,2024,196.0,8.0,32.0,50.0,5000.0,6.78,,Note 40S
Infinix,Note 40 5G,195g,8GB,32MP,108MP,MediaTek Dimensity 8100,"5,200mAh",6.8 inches,54999.0,19999.0,1999.0,319.0,1099.0,2024,195.0,8.0,32.0,108.0,5200.0,6.8,,Note 40 5G
Infinix,Note 40 Pro 5G,195g,12GB,32MP,108MP,MediaTek Dimensity 9000,"5,300mAh",6.8 inches,72999.0,27999.0,2499.0,399.0,1499.0,2024,195.0,12.0,32.0,108.0,5300.0,6.8,,Note 40 Pro 5G
Infinix,Note 40 Racing Edition,196g,12GB,32MP,108MP,MediaTek Dimensity 9200,"5,500mAh",6.9 inches,89999.0,32999.0,2999.0,449.0,1699.0,2024,196.0,12.0,32.0,108.0,5500.0,6.9,,Note 40 Racing Edition
Infinix,Zero 40,195g,12GB,50MP,108MP,MediaTek Dimensity 8200,"5,000mAh",6.78 inches,69999.0,24999.0,2199.0,349.0,1299.0,2024,195.0,12.0,50.0,108.0,5000.0,6.78,,Zero 40
Infinix,Zero 40 5G,195g,12GB,50MP,108MP,MediaTek Dimensity 8200,"5,000mAh",6.78 inches,74999.0,27999.0,2299.0,379.0,1399.0,2024,195.0,12.0,50.0,108.0,5000.0,6.78,,Zero 40 5G
Infinix,Zero Flip,190g,8GB,32MP,108MP,Qualcomm Snapdragon 778G,"4,500mAh",6.7 inches,89999.0,32999.0,2499.0,399.0,1499.0,2024,190.0,8.0,32.0,108.0,4500.0,6.7,,Zero Flip
Infinix,Note 40,190g,8GB,32MP,108MP,MediaTek Helio G99,"5,000mAh",6.78 inches,45999.0,17999.0,1799.0,279.0,999.0,2024,190.0,8.0,32.0,108.0,5000.0,6.78,,Note 40
Infinix,Note 40 Pro,190g,12GB,32MP,108MP,MediaTek Dimensity 8100,"5,000mAh",6.78 inches,59999.0,22999.0,2199.0,329.0,1199.0,2024,190.0,12.0,32.0,108.0,5000.0,6.78,,Note 40 Pro
Honor,Magic6,203g,8GB,12MP,50MP,Qualcomm Snapdragon 8 Gen 3,"5,200mAh",6.81 inches,219999.0,89999.0,5499.0,1099.0,3999.0,2024,203.0,8.0,12.0,50.0,5200.0,6.81,,Magic6
Honor,Magic6 Pro,219g,12GB,12MP,50MP,Qualcomm Snapdragon 8 Gen 3,"5,500mAh",6.81 inches,269999.0,109999.0,6999.0,1299.0,4699.0,2024,219.0,12.0,12.0,50.0,5500.0,6.81,,Magic6 Pro
Honor,Magic6 Ultimate,234g,16GB,12MP,50MP,Qualcomm Snapdragon 8 Gen 3,"5,550mAh",6.81 inches,319999.0,129999.0,8199.0,1499.0,5499.0,2024,234.0,16.0,12.0,50.0,5550.0,6.81,,Magic6 Ultimate
Honor,Magic V2,231g,12GB,16MP,50MP,Qualcomm Snapdragon 8 Gen 2,"5,000mAh",7.92 inches,389999.0,159999.0,10999.0,1899.0,6999.0,2024,231.0,12.0,16.0,50.0,5000.0,7.92,,Magic V2
Honor,Magic7,203g,8GB,12MP,50MP,Qualcomm Snapdragon 8 Gen 3,"5,200mAh",6.81 inches,219999.0,89999.0,5499.0,1099.0,3999.0,2024,203.0,8.0,12.0,50.0,5200.0,6.81,,Magic7
Honor,Magic7 Pro,219g,12GB,12MP,50MP,Qualcomm Snapdragon 8 Gen 3,"5,500mAh",6.81 inches,269999.0,109999.0,6999.0,1299.0,4699.0,2024,219.0,12.0,12.0,50.0,5500.0,6.81,,Magic7 Pro
Honor,Magic7 Ultimate,234g,16GB,12MP,50MP,Qualcomm Snapdragon 8 Gen 3,"5,550mAh",6.81 inches,319999.0,129999.0,8199.0,1499.0,5499.0,2024,234.0,16.0,12.0,50.0,5550.0,6.81,,Magic7 Ultimate
Honor,Magic V3,231g,12GB,16MP,50MP,Qualcomm Snapdragon 8 Gen 2,"5,000mAh",7.92 inches,389999.0,159999.0,10999.0,1899.0,6999.0,2024,231.0,12.0,16.0,50.0,5000.0,7.92,,Magic V3
Honor,Pad 9,550g,8GB,8MP,13MP,Qualcomm Snapdragon 6 Gen 1,"8,300mAh",12.1 inches,84999.0,34999.0,2299.0,399.0,1499.0,2024,550.0,8.0,8.0,13.0,8300.0,12.1,,Pad 9
Honor,Pad 9 Pro,560g,12GB,8MP,13MP,MediaTek Dimensity 8100,"9,000mAh",12.6 inches,109999.0,44999.0,2999.0,499.0,1799.0,2024,560.0,12.0,8.0,13.0,9000.0,12.6,,Pad 9 Pro
Honor,MagicPad 2,580g,16GB,12MP,16MP,Qualcomm Snapdragon 8 Gen 2,"10,500mAh",13.2 inches,179999.0,74999.0,4499.0,899.0,3299.0,2024,580.0,16.0,12.0,16.0,10500.0,13.2,,MagicPad 2
Honor,Pad X9 Pro,505g,8GB,8MP,13MP,Qualcomm Snapdragon 7s Gen 2,"8,000mAh",11.6 inches,79999.0,29999.0,2199.0,399.0,1499.0,2024,505.0,8.0,8.0,13.0,8000.0,11.6,,Pad X9 Pro
Honor,Pad V9,530g,8GB,8MP,13MP,MediaTek Dimensity 9000,"8,500mAh",12.1 inches,129999.0,54999.0,3599.0,649.0,2299.0,2024,530.0,8.0,8.0,13.0,8500.0,12.1,,Pad V9
Honor,Pad GT Pro,610g,12GB,12MP,16MP,Qualcomm Snapdragon 8 Gen 3,"10,500mAh",13.5 inches,199999.0,84999.0,4999.0,999.0,3799.0,2024,610.0,12.0,12.0,16.0,10500.0,13.5,,Pad GT Pro
Honor,Pad X10,475g,6GB,5MP,8MP,Qualcomm Snapdragon 685,"8,850mAh",12.1 inches,74999.0,29999.0,2299.0,399.0,1499.0,2024,475.0,6.0,5.0,8.0,8850.0,12.1,,Pad X10
Honor,Pad X10 Pro,485g,8GB,8MP,13MP,Qualcomm Snapdragon 7s Gen 2,"9,000mAh",12.6 inches,94999.0,39999.0,2999.0,499.0,1799.0,2024,485.0,8.0,8.0,13.0,9000.0,12.6,,Pad X10 Pro
Honor,MagicPad 3,590g,12GB,12MP,16MP,Qualcomm Snapdragon 8 Gen 3,"10,500mAh",13.0 inches,149999.0,64999.0,3999.0,799.0,2999.0,2024,590.0,12.0,12.0,16.0,10500.0,13.0,,MagicPad 3
Honor,Pad V10,530g,8GB,8MP,13MP,MediaTek Dimensity 9000,"8,500mAh",12.1 inches,129999.0,54999.0,3599.0,649.0,2299.0,2024,530.0,8.0,8.0,13.0,8500.0,12.1,,Pad V10
POCO,X6 128GB,193g,6GB,16MP,64MP,MediaTek Dimensity 8100,5000mAh,6.67 inches,59999.0,21999.0,2299.0,349.0,1299.0,2024,193.0,6.0,16.0,64.0,5000.0,6.67,128.0,X6
POCO,X6 Pro 256GB,205g,8GB,20MP,108MP,MediaTek Dimensity 8300,5000mAh,6.67 inches,69999.0,24999.0,2599.0,399.0,1499.0,2024,205.0,8.0,20.0,108.0,5000.0,6.67,256.0,X6 Pro
POCO,F6 128GB,190g,6GB,20MP,64MP,Snapdragon 8 Gen 2,5000mAh,6.67 inches,89999.0,34999.0,2999.0,449.0,1699.0,2024,190.0,6.0,20.0,64.0,5000.0,6.67,128.0,F6
POCO,F6 Pro 256GB,210g,8GB,20MP,108MP,Snapdragon 8+ Gen 2,5160mAh,6.67 inches,109999.0,44999.0,3499.0,549.0,1999.0,2024,210.0,8.0,20.0,108.0,5160.0,6.67,256.0,F6 Pro
POCO,C65 64GB,190g,4GB,5MP,50MP,MediaTek Helio G85,5000mAh,6.5 inches,24999.0,10999.0,999.0,149.0,599.0,2024,190.0,4.0,5.0,50.0,5000.0,6.5,64.0,C65
POCO,X7 128GB,195g,6GB,16MP,64MP,MediaTek Dimensity 8200,5000mAh,6.67 inches,64999.0,22999.0,2199.0,329.0,1199.0,2025,195.0,6.0,16.0,64.0,5000.0,6.67,128.0,X7
POCO,X7 Pro 256GB,207g,8GB,20MP,108MP,MediaTek Dimensity 8400,6000mAh,6.67 inches,79999.0,27999.0,2699.0,399.0,1499.0,2025,207.0,8.0,20.0,108.0,6000.0,6.67,256.0,X7 Pro
POCO,M7 5G 128GB,198g,6GB,8MP,50MP,MediaTek Dimensity 7025,5110mAh,6.67 inches,39999.0,15999.0,1599.0,229.0,899.0,2024,198.0,6.0,8.0,50.0,5110.0,6.67,128.0,M7 5G
Poco,Pad 5G 128GB,571g,8GB,8MP,8MP,Snapdragon 7s Gen 2,"10,000mAh",12.1 inches,66220.0,23999.0,2099.0,280.0,1029.0,2024,571.0,8.0,8.0,8.0,10000.0,12.1,128.0,Pad 5G
Poco,Pad 5G 256GB,571g,8GB,8MP,8MP,Snapdragon 7s Gen 2,"10,000mAh",12.1 inches,71220.0,25999.0,2299.0,300.0,1099.0,2024,571.0,8.0,8.0,8.0,10000.0,12.1,256.0,Pad 5G
Samsung,Galaxy Z Fold6 256GB,239g,12GB,"10MP, 4MP (UDC)",50MP,Snapdragon 8 Gen 3,4400mAh,7.6 inches,604999.0,164999.0,13999.0,1899.0,7199.0,2024,239.0,12.0,10.0,50.0,4400.0,7.6,256.0,Galaxy Z Fold6
Samsung,Galaxy Z Fold6 512GB,239g,12GB,"10MP, 4MP (UDC)",50MP,Snapdragon 8 Gen 3,4400mAh,7.6 inches,544999.0,176999.0,15999.0,1719.0,7699.0,2024,239.0,12.0,10.0,50.0,4400.0,7.6,512.0,Galaxy Z Fold6
Samsung,Galaxy Z Fold6 1TB,239g,12GB,"10MP, 4MP (UDC)",50MP,Snapdragon 8 Gen 3,4400mAh,7.6 inches,,200999.0,17999.0,2259.0,8699.0,2024,239.0,12.0,10.0,50.0,4400.0,7.6,1024.0,Galaxy Z Fold6
