brand,base_model
Honor,Magic V2
Honor,Magic V3
Honor,Magic6
Honor,Magic6 Pro
Honor,Magic6 Ultimate
Honor,Magic7
Honor,Magic7 Pro
Honor,Magic7 Ultimate
Honor,MagicPad 2
Honor,MagicPad 3
Honor,Pad 9
Honor,Pad 9 Pro
Honor,Pad GT Pro
Honor,Pad V10
Honor,Pad V9
Honor,Pad X10
Honor,Pad X10 Pro
Honor,Pad X9 Pro
Huawei,Mate 70
Huawei,Mate 70 Pro
Huawei,Mate 70 Pro+
Huawei,Mate X6
Huawei,MatePad Pro 12.2
Huawei,MatePad Pro 13.2
Huawei,Nova 13
Huawei,Nova 13 Pro
Infinix,GT 20 Pro
Infinix,Hot 50
Infinix,Hot 50 5G
Infinix,Hot 50 Pro
Infinix,Hot 50 Pro+
Infinix,Hot 50i
Infinix,Note 40
Infinix,Note 40 5G
Infinix,Note 40 Pro
Infinix,Note 40 Pro 5G
Infinix,Note 40 Racing Edition
Infinix,Note 40S
Infinix,Note 40X 5G
Infinix,Xpad
Infinix,Xpad 5G
Infinix,Xpad Lite
Infinix,Xpad Pro
Infinix,Zero 40
Infinix,Zero 40 5G
Infinix,Zero Flip
Motorola,Edge 50 Lite
Motorola,Moto G75 5G
Motorola,One Vision 3
OnePlus,OnePlus 12
OnePlus,OnePlus 12R
OnePlus,OnePlus Open
OnePlus,OnePlus Pad 2
OnePlus,OnePlus Pad Pro
Oppo,A3x
Oppo,A3x 4G
Oppo,A40
Oppo,A5 Pro
Oppo,A80
Oppo,F27
Oppo,F27 Pro+
Oppo,K12 Plus
Oppo,Pad 3
Oppo,Pad 3 Pro
POCO,Pad 5G
Realme,13 5G
Realme,13 Pro 5G
Realme,13 Pro+ 5G
Realme,13+ 5G
Realme,14 Pro 5G
Realme,14 Pro+ 5G
Realme,14x 5G
Realme,C61
Realme,C63
Realme,C65
Realme,C67
Realme,C75
Realme,GT 7
Realme,GT 7 Pro
Realme,Narzo 70 5G
Realme,Narzo 70 Turbo 5G
Realme,Narzo N61
Realme,Narzo N63
Realme,Narzo N65 5G
Realme,Neo 7
Realme,Note 50
Realme,Note 60
Realme,Note 60x
Realme,P1 5G
Realme,P1 Pro 5G
Realme,P1 Speed 5G
Realme,P2 Pro 5G
Realme,TechLife Pad Neo
Samsung,Galaxy Tab Active 5
Sony,Xperia 5 VI
Tecno,Camon 20
Tecno,Camon 20 Premier
Tecno,Camon 20 Pro
Tecno,Camon 20 Pro 5G
Tecno,Camon 20s
Tecno,Camon 20s Pro
Tecno,Camon 20s Pro 5G
Tecno,Camon 30
Tecno,Camon 30 5G
Tecno,Camon 30 Premier
Tecno,Camon 30 Pro
Tecno,Camon 30S
Tecno,Camon 30S Pro
Tecno,Megapad
Tecno,Megapad 11
Tecno,Phantom V Flip2
Tecno,Phantom V Fold2
Tecno,Pop 8
Tecno,Pop 9
Tecno,Pop 9 4G
Tecno,Pova 5
Tecno,Pova 5G
Tecno,Pova 6 Neo
Tecno,Pova 6 Neo 5G
Tecno,Pova 6 Pro
Tecno,Spark 20
Tecno,Spark 20 Pro
Tecno,Spark 20 Pro 5G
Tecno,Spark 20 Pro+
Tecno,Spark 20C
Tecno,Spark 20P
Tecno,Spark 30
Tecno,Spark 30 5G
Tecno,Spark 30 Pro
Tecno,Spark 30C
Tecno,Spark 30C 5G
Tecno,Spark Go 1
Tecno,Spark Go 1S
Tecno,Spark Go 2024
Vivo,Pad 4 Pro
Vivo,S18 Pro
Vivo,T3 5G
Vivo,V30 Pro
Vivo,V40e
Vivo,X200
Vivo,X200 Pro
Vivo,X200 Pro Mini
Vivo,Y100 5G
Vivo,Y200 GT
Vivo,iQOO 12
Xiaomi,Xiaomi 14T
Xiaomi,Xiaomi 14T Pro
Xiaomi,Xiaomi 15
Xiaomi,Xiaomi 15 Pro
iQOO,Pad 2
iQOO,Pad 2 Pro
